{
    "规则名": "HDmoli",
    "规则作者": "香雅情",
    "请求头参数": "User-Agent$手机",
    "网页编码格式": "UTF-8",
    "图片是否需要代理": "0",
    "是否开启获取首页数据": "0",
    "分类起始页码": "1",
    "分类链接": "https://www.hdmoli.com/mlist/index{cateId}-{catePg}.html[firstPage=https://www.hdmoli.com/mlist/index{cateId}.html]",
    "分类名称": "电影&剧集&动画",
    "分类名称替换词": "1&2&41",
    //"筛选数据": {},
    "筛选数据": "ext",
    //{cateId}
    "筛选子分类名称": "动作&爱情&科幻&恐怖&战争&喜剧&纪录片&剧情&犯罪&动画||美剧&韩剧&日剧&英剧&中国&泰剧&综艺&其他||日本&其它",
    "筛选子分类替换词": "5&6&7&8&9&10&11&12&30&32||15&16&13&34&14&29&39&38||42&43",
    "分类截取模式": "1",
    "分类列表数组规则": ".myui-vodlist&&li",
    "分类片单是否Jsoup写法": "1",
    "分类片单标题": "h4&&a&&Text",
    "分类片单链接": "h4&&a&&href",
    "分类片单图片": ".lazyload&&data-original",
    "分类片单副标题": ".pic-tag&&Text+' '+.pic-text&&Text",
    "分类片单链接加前缀": "https://www.hdmoli.com",
    "分类片单链接加后缀": "",
    "搜索请求头参数": "User-Agent$手机",
    "搜索链接": "https://www.hdmoli.com/search.php?searchword={wd}",
    "POST请求数据": "wd={wd}&search=",
    "搜索截取模式": "1",
    "搜索列表数组规则": ".myui-vodlist__media&&li",
    "搜索片单是否Jsoup写法": "1",
    "搜索片单图片": ".lazyload&&data-original",
    "搜索片单标题": "h4&&a&&Text",
    "搜索片单链接": "h4&&a&&href",
    "搜索片单副标题": ".pic-text&&Text",
    "搜索片单链接加前缀": "https://www.hdmoli.com",
    "搜索片单链接加后缀": "",
    "链接是否直接播放": "0",
    "直接播放链接加前缀": "https://live.52sf.ga/huya/",
    "直接播放链接加后缀": "#isVideo=true#",
    "直接播放直链视频请求头": "authority$ku.peizq.online#Referer$https://play.peizq.online",
    "详情是否Jsoup写法": "0",
    "类型详情": "分类：</span>&&<span class=\"split",
    "年代详情": "年份：</span>&&<span class=\"split",
    "地区详情": "地区：</span>&&<span class=\"split",
    "演员详情": "演员：</span>&&</p>",
    "简介详情": "简介：</span>&&</p>",
    "线路列表数组规则": ".nav-tabs&&li",
    "线路标题": "a&&Text",
    "播放列表数组规则": "body&&.myui-content__list",
    "选集列表数组规则": "li",
    "选集标题链接是否Jsoup写法": "1",
    "选集标题": "a&&Text",
    "选集链接": "a&&href",
    "是否反转选集序列": "0",
    "选集链接加前缀": "https://www.hdmoli.com",
    "选集链接加后缀": "",
    "分析MacPlayer": "0",
    "是否开启手动嗅探": "1",
    "手动嗅探视频链接关键词": ".mp4#.m3u8#.flv#video/tos",
    "手动嗅探视频链接过滤词": ".html#=http"
}